id;mood;message;date
1;61;Creative JBOD;2020-12-07T05:03:59
2;86;Buckinghamshire Borders index;2020-12-07T06:00:23
3;10;calculate South Africa New Israeli Sheqel;2020-12-06T23:10:09
4;25;Vatu Minnesota;2020-12-07T08:40:03
5;92;Dynamic French Southern Territories;2020-12-07T20:22:53
6;8;deposit systematic;2020-12-07T16:37:20
7;25;Nepalese Rupee withdrawal back-end;2020-12-07T02:40:58
8;47;Intranet deliverables;2020-12-07T13:09:37
9;12;back up Finland;2020-12-06T23:42:56
10;21;Cheese optimal;2020-12-07T07:56:24
